Position	A	C	G	T
1	0.16666666666666666	0.3333333333333333	0.16666666666666666	0.3333333333333333
2	0.3333333333333333	0.3333333333333333	0.16666666666666666	0.16666666666666666
3	0.3333333333333333	0.16666666666666666	0.3333333333333333	0.16666666666666666
4	0.16666666666666666	0.16666666666666666	0.3333333333333333	0.3333333333333333
5	0.16666666666666666	0.16666666666666666	0.16666666666666666	0.5
6	0.16666666666666666	0.16666666666666666	0.3333333333333333	0.3333333333333333
7	0.3333333333333333	0.0	0.3333333333333333	0.3333333333333333
8	0.16666666666666666	0.0	0.3333333333333333	0.5
9	0.16666666666666666	0.16666666666666666	0.16666666666666666	0.5
10	0.3333333333333333	0.16666666666666666	0.16666666666666666	0.3333333333333333
11	0.3333333333333333	0.16666666666666666	0.16666666666666666	0.3333333333333333
12	0.3333333333333333	0.3333333333333333	0.0	0.3333333333333333
13	0.3333333333333333	0.3333333333333333	0.0	0.3333333333333333
14	0.3333333333333333	0.3333333333333333	0.16666666666666666	0.16666666666666666
15	0.3333333333333333	0.3333333333333333	0.16666666666666666	0.16666666666666666
16	0.3333333333333333	0.3333333333333333	0.16666666666666666	0.16666666666666666
17	0.3333333333333333	0.3333333333333333	0.3333333333333333	0.0
18	0.3333333333333333	0.16666666666666666	0.5	0.0
19	0.16666666666666666	0.16666666666666666	0.5	0.16666666666666666
20	0.3333333333333333	0.16666666666666666	0.3333333333333333	0.16666666666666666
21	0.5	0.0	0.3333333333333333	0.16666666666666666
22	0.3333333333333333	0.0	0.3333333333333333	0.3333333333333333
23	0.3333333333333333	0.16666666666666666	0.16666666666666666	0.3333333333333333
24	0.3333333333333333	0.16666666666666666	0.0	0.5
25	0.3333333333333333	0.16666666666666666	0.16666666666666666	0.3333333333333333
26	0.16666666666666666	0.16666666666666666	0.3333333333333333	0.3333333333333333
27	0.0	0.22222222222222224	0.3888888888888889	0.3888888888888889
28	0.05555555555555555	0.2222222222222222	0.4444444444444444	0.27777777777777773
29	0.1111111111111111	0.1111111111111111	0.4444444444444444	0.3333333333333333
30	0.16666666666666666	0.16666666666666666	0.5	0.16666666666666666
31	0.16666666666666669	0.22222222222222224	0.3888888888888889	0.22222222222222224
32	0.2222222222222222	0.2222222222222222	0.27777777777777773	0.27777777777777773
33	0.2777777777777778	0.22222222222222224	0.22222222222222224	0.2777777777777778
34	0.2777777777777778	0.2777777777777778	0.22222222222222224	0.22222222222222224
35	0.2222222222222222	0.27777777777777773	0.27777777777777773	0.2222222222222222
36	0.2222222222222222	0.2222222222222222	0.27777777777777773	0.27777777777777773
37	0.2777777777777778	0.22222222222222224	0.22222222222222224	0.2777777777777778
38	0.2777777777777778	0.2777777777777778	0.22222222222222224	0.22222222222222224
39	0.2222222222222222	0.27777777777777773	0.27777777777777773	0.2222222222222222
40	0.2222222222222222	0.2222222222222222	0.27777777777777773	0.27777777777777773
41	0.2777777777777778	0.22222222222222224	0.22222222222222224	0.2777777777777778
42	0.2777777777777778	0.2777777777777778	0.22222222222222224	0.22222222222222224
43	0.2222222222222222	0.27777777777777773	0.27777777777777773	0.2222222222222222
44	0.2222222222222222	0.2222222222222222	0.27777777777777773	0.27777777777777773
45	0.2777777777777778	0.22222222222222224	0.22222222222222224	0.2777777777777778
46	0.2777777777777778	0.2777777777777778	0.22222222222222224	0.22222222222222224
47	0.22222222222222224	0.3888888888888889	0.22222222222222224	0.16666666666666669
48	0.3333333333333333	0.3333333333333333	0.16666666666666666	0.16666666666666666
49	0.33333333333333337	0.2777777777777778	0.11111111111111112	0.2777777777777778
50	0.2777777777777778	0.2777777777777778	0.22222222222222224	0.22222222222222224
51	0.3888888888888889	0.2222222222222222	0.2222222222222222	0.16666666666666666
52	0.3333333333333333	0.3333333333333333	0.16666666666666666	0.16666666666666666
53	0.3333333333333333	0.3333333333333333	0.16666666666666666	0.16666666666666666
54	0.16666666666666666	0.3333333333333333	0.16666666666666666	0.3333333333333333
55	0.16666666666666666	0.5	0.16666666666666666	0.16666666666666666
56	0.16666666666666666	0.5	0.0	0.3333333333333333
57	0.0	0.5	0.0	0.5
58	0.0	0.3333333333333333	0.16666666666666666	0.5
59	0.0	0.16666666666666666	0.3333333333333333	0.5
60	0.16666666666666666	0.16666666666666666	0.3333333333333333	0.3333333333333333
61	0.3333333333333333	0.0	0.3333333333333333	0.3333333333333333
62	0.3333333333333333	0.16666666666666666	0.3333333333333333	0.16666666666666666
63	0.3333333333333333	0.16666666666666666	0.3333333333333333	0.16666666666666666
64	0.3333333333333333	0.16666666666666666	0.3333333333333333	0.16666666666666666
65	0.3333333333333333	0.16666666666666666	0.16666666666666666	0.3333333333333333
66	0.16666666666666666	0.3333333333333333	0.16666666666666666	0.3333333333333333
67	0.16666666666666666	0.3333333333333333	0.16666666666666666	0.3333333333333333
68	0.16666666666666666	0.16666666666666666	0.3333333333333333	0.3333333333333333
69	0.3333333333333333	0.16666666666666666	0.3333333333333333	0.16666666666666666
70	0.3333333333333333	0.16666666666666666	0.16666666666666666	0.3333333333333333
71	0.3333333333333333	0.16666666666666666	0.3333333333333333	0.16666666666666666
72	0.3333333333333333	0.0	0.3333333333333333	0.3333333333333333
73	0.16666666666666666	0.0	0.5	0.3333333333333333
74	0.16666666666666666	0.0	0.3333333333333333	0.5
75	0.16666666666666666	0.0	0.3333333333333333	0.5
76	0.16666666666666666	0.0	0.3333333333333333	0.5
77	0.3333333333333333	0.0	0.16666666666666666	0.5
78	0.5	0.0	0.16666666666666666	0.3333333333333333
79	0.5	0.0	0.16666666666666666	0.3333333333333333
80	0.6666666666666666	0.0	0.16666666666666666	0.16666666666666666
81	0.5	0.0	0.3333333333333333	0.16666666666666666
82	0.6666666666666666	0.0	0.3333333333333333	0.0
83	0.5	0.16666666666666666	0.3333333333333333	0.0
84	0.5	0.16666666666666666	0.3333333333333333	0.0
85	0.5	0.16666666666666666	0.3333333333333333	0.0
